{"cameraMode":{"drawMode":0,"name":"Shaded","section":"Shading Mode"},"sceneLighting":true,"audioPlay":false,"sceneViewState":{"showFog":true,"showMaterialUpdate":false,"showSkybox":false,"showFlares":true,"showImageEffects":true,"showParticleSystems":true},"in2DMode":false,"pivot":{"x":2.5,"y":11.32911205291748,"z":0.9198293685913086},"rotation":{"x":-0.05412057787179947,"y":-0.0772116482257843,"z":0.0041974917985498909,"w":-0.995537281036377},"size":31.928945541381837,"orthographic":false}