{"cameraMode":{"drawMode":0,"name":"Shaded","section":"Shading Mode"},"sceneLighting":false,"audioPlay":false,"sceneViewState":{"showFog":true,"showMaterialUpdate":false,"showSkybox":false,"showFlares":true,"showImageEffects":true,"showParticleSystems":true},"in2DMode":false,"pivot":{"x":878.9100952148438,"y":455.47601318359377,"z":87.8126220703125},"rotation":{"x":-0.0812196135520935,"y":0.0035850938875228168,"z":-0.00029217047267593443,"w":-0.9966902136802673},"size":390.2652282714844,"orthographic":false}