{"cameraMode":{"drawMode":0,"name":"Shaded","section":"Shading Mode"},"sceneLighting":false,"audioPlay":false,"sceneViewState":{"showFog":true,"showMaterialUpdate":false,"showSkybox":false,"showFlares":true,"showImageEffects":true,"showParticleSystems":true},"in2DMode":false,"pivot":{"x":14.630000114440918,"y":3.6700000762939455,"z":-18.649999618530275},"rotation":{"x":-0.05412057787179947,"y":-0.0772116482257843,"z":0.0041974917985498909,"w":-0.995537281036377},"size":1.7320507764816285,"orthographic":false}