{"cameraMode":{"drawMode":0,"name":"Shaded","section":"Shading Mode"},"sceneLighting":false,"audioPlay":false,"sceneViewState":{"showFog":true,"showMaterialUpdate":false,"showSkybox":false,"showFlares":true,"showImageEffects":true,"showParticleSystems":true},"in2DMode":false,"pivot":{"x":-0.01012718677520752,"y":0.9209691286087036,"z":-0.024384617805480958},"rotation":{"x":-0.0587729811668396,"y":-0.009885561652481556,"z":0.0005820553633384407,"w":-0.9982238411903381},"size":1.5781432390213013,"orthographic":false}