{"cameraMode":{"drawMode":0,"name":"Shaded","section":"Shading Mode"},"sceneLighting":true,"audioPlay":false,"sceneViewState":{"showFog":true,"showMaterialUpdate":false,"showSkybox":true,"showFlares":true,"showImageEffects":true,"showParticleSystems":true},"in2DMode":false,"pivot":{"x":1413.68896484375,"y":56.45428466796875,"z":916.8089599609375},"rotation":{"x":-0.05412057787179947,"y":-0.0772116482257843,"z":0.0041974917985498909,"w":-0.995537281036377},"size":749.9271850585938,"orthographic":false}