{"cameraMode":{"drawMode":0,"name":"Shaded","section":"Shading Mode"},"sceneLighting":false,"audioPlay":false,"sceneViewState":{"showFog":true,"showMaterialUpdate":false,"showSkybox":false,"showFlares":true,"showImageEffects":true,"showParticleSystems":true},"in2DMode":false,"pivot":{"x":-2.6031270027160646,"y":-1.846252679824829,"z":26.18983268737793},"rotation":{"x":-0.03924413397908211,"y":0.05303124338388443,"z":-0.002086056862026453,"w":-0.9978224635124207},"size":14.354029655456543,"orthographic":false}