{"cameraMode":{"drawMode":0,"name":"Shaded","section":"Shading Mode"},"sceneLighting":true,"audioPlay":false,"sceneViewState":{"showFog":true,"showMaterialUpdate":false,"showSkybox":true,"showFlares":true,"showImageEffects":true,"showParticleSystems":true},"in2DMode":false,"pivot":{"x":-40.33050537109375,"y":-31.696186065673829,"z":-0.4574301838874817},"rotation":{"x":0.31149300932884219,"y":0.3072948753833771,"z":-0.1072162613272667,"w":0.8927755951881409},"size":71.2828598022461,"orthographic":false}