{"cameraMode":{"drawMode":0,"name":"Shaded","section":"Shading Mode"},"sceneLighting":true,"audioPlay":false,"sceneViewState":{"showFog":true,"showMaterialUpdate":false,"showSkybox":true,"showFlares":true,"showImageEffects":true,"showParticleSystems":true},"in2DMode":false,"pivot":{"x":-88.706787109375,"y":-11.012808799743653,"z":-43.92411422729492},"rotation":{"x":0.12417227029800415,"y":-0.8405537605285645,"z":0.21722553670406342,"w":0.48048359155654909},"size":35.393836975097659,"orthographic":false}