{"cameraMode":{"drawMode":0,"name":"Shaded","section":"Shading Mode"},"sceneLighting":false,"audioPlay":false,"sceneViewState":{"showFog":true,"showMaterialUpdate":false,"showSkybox":true,"showFlares":true,"showImageEffects":true,"showParticleSystems":true},"in2DMode":false,"pivot":{"x":-452.01483154296877,"y":14.173486709594727,"z":216.44613647460938},"rotation":{"x":0.10918411612510681,"y":-0.08452211320400238,"z":0.009570482186973095,"w":0.990534245967865},"size":3.8438332080841066,"orthographic":false}