{"cameraMode":{"drawMode":0,"name":"Shaded","section":"Shading Mode"},"sceneLighting":true,"audioPlay":false,"sceneViewState":{"showFog":true,"showMaterialUpdate":false,"showSkybox":true,"showFlares":true,"showImageEffects":true,"showParticleSystems":true},"in2DMode":false,"pivot":{"x":-493.3218994140625,"y":-141.260498046875,"z":558.6067504882813},"rotation":{"x":0.17483992874622346,"y":0.031368888914585116,"z":-0.005483167711645365,"w":0.9842227697372437},"size":289.62762451171877,"orthographic":false}