{"cameraMode":{"drawMode":0,"name":"Shaded","section":"Shading Mode"},"sceneLighting":true,"audioPlay":false,"sceneViewState":{"showFog":true,"showMaterialUpdate":false,"showSkybox":true,"showFlares":true,"showImageEffects":true,"showParticleSystems":true},"in2DMode":false,"pivot":{"x":-17.70708656311035,"y":11.948330879211426,"z":5.246792793273926},"rotation":{"x":-0.22463303804397584,"y":-0.044711627066135409,"z":0.01031856145709753,"w":-0.9733620882034302},"size":1.1382935047149659,"orthographic":false}