{"cameraMode":{"drawMode":0,"name":"Shaded","section":"Shading Mode"},"sceneLighting":false,"audioPlay":false,"sceneViewState":{"showFog":true,"showMaterialUpdate":false,"showSkybox":false,"showFlares":true,"showImageEffects":true,"showParticleSystems":true},"in2DMode":false,"pivot":{"x":9.933563232421875,"y":191.8103485107422,"z":0.084564208984375},"rotation":{"x":0.16413740813732148,"y":-0.8080506920814514,"z":0.2654481530189514,"w":0.49965083599090578},"size":2721.07275390625,"orthographic":true}