{"cameraMode":{"drawMode":0,"name":"Shaded","section":"Shading Mode"},"sceneLighting":true,"audioPlay":false,"sceneViewState":{"showFog":true,"showMaterialUpdate":false,"showSkybox":true,"showFlares":true,"showImageEffects":true,"showParticleSystems":true},"in2DMode":false,"pivot":{"x":1.803409457206726,"y":41.46670913696289,"z":403.974853515625},"rotation":{"x":0.020455121994018556,"y":-0.8506752848625183,"z":0.033191416412591937,"w":0.5242447853088379},"size":6.006973743438721,"orthographic":true}