{"cameraMode":{"drawMode":0,"name":"Shaded","section":"Shading Mode"},"sceneLighting":true,"audioPlay":false,"sceneViewState":{"showFog":true,"showMaterialUpdate":false,"showSkybox":true,"showFlares":true,"showImageEffects":true,"showParticleSystems":true},"in2DMode":false,"pivot":{"x":-11.519372940063477,"y":5.847887992858887,"z":-14.836711883544922},"rotation":{"x":0.10952276736497879,"y":0.259259432554245,"z":-0.029604652896523477,"w":0.959121823310852},"size":13.959386825561524,"orthographic":false}