{"cameraMode":{"drawMode":0,"name":"Shaded","section":"Shading Mode"},"sceneLighting":true,"audioPlay":false,"sceneViewState":{"showFog":true,"showMaterialUpdate":false,"showSkybox":true,"showFlares":true,"showImageEffects":true,"showParticleSystems":true},"in2DMode":false,"pivot":{"x":342.11224365234377,"y":-711.6014404296875,"z":1049.921630859375},"rotation":{"x":0.31598979234695437,"y":0.230630561709404,"z":-0.07934015244245529,"w":0.9170362949371338},"size":661.4227905273438,"orthographic":false}