{"cameraMode":{"drawMode":0,"name":"Shaded","section":"Shading Mode"},"sceneLighting":true,"audioPlay":false,"sceneViewState":{"showFog":true,"showMaterialUpdate":false,"showSkybox":true,"showFlares":true,"showImageEffects":true,"showParticleSystems":true},"in2DMode":false,"pivot":{"x":420.2044982910156,"y":124.3602066040039,"z":97.70572662353516},"rotation":{"x":-0.19365186989307404,"y":0.5710592865943909,"z":-0.14083613455295564,"w":-0.785211980342865},"size":1.866959571838379,"orthographic":false}