{"cameraMode":{"drawMode":0,"name":"Shaded","section":"Shading Mode"},"sceneLighting":true,"audioPlay":false,"sceneViewState":{"showFog":true,"showMaterialUpdate":false,"showSkybox":true,"showFlares":true,"showImageEffects":true,"showParticleSystems":true},"in2DMode":false,"pivot":{"x":-5.8370771408081059,"y":11.998129844665528,"z":-1.3660799264907838},"rotation":{"x":0.18011422455310822,"y":-0.3242133855819702,"z":0.06302492320537567,"w":0.9265391230583191},"size":15.637550354003907,"orthographic":true}