{"cameraMode":{"drawMode":0,"name":"Shaded","section":"Shading Mode"},"sceneLighting":true,"audioPlay":false,"sceneViewState":{"showFog":true,"showMaterialUpdate":false,"showSkybox":false,"showFlares":true,"showImageEffects":true,"showParticleSystems":true},"in2DMode":false,"pivot":{"x":14.71112060546875,"y":17.5751953125,"z":18.6982421875},"rotation":{"x":-0.14127610623836518,"y":0.8270712494850159,"z":-0.2390790730714798,"w":-0.48871874809265139},"size":450.0258483886719,"orthographic":true}