{"cameraMode":{"drawMode":0,"name":"Shaded","section":"Shading Mode"},"sceneLighting":true,"audioPlay":false,"sceneViewState":{"showFog":true,"showMaterialUpdate":false,"showSkybox":false,"showFlares":true,"showImageEffects":true,"showParticleSystems":true},"in2DMode":false,"pivot":{"x":-355.7218933105469,"y":-8.683837890625,"z":460.08319091796877},"rotation":{"x":0.11308321356773377,"y":0.035761088132858279,"z":-0.004074272699654102,"w":0.9929438233375549},"size":354.4054260253906,"orthographic":false}