{"cameraMode":{"drawMode":0,"name":"Shaded","section":"Shading Mode"},"sceneLighting":true,"audioPlay":false,"sceneViewState":{"showFog":true,"showMaterialUpdate":false,"showSkybox":true,"showFlares":true,"showImageEffects":true,"showParticleSystems":true},"in2DMode":false,"pivot":{"x":-434.3155212402344,"y":17.648094177246095,"z":232.89385986328126},"rotation":{"x":0.017686448991298677,"y":0.018593188375234605,"z":0.00032915949122980237,"w":-0.9996756315231323},"size":19.404932022094728,"orthographic":false}