{"cameraMode":{"drawMode":0,"name":"Shaded","section":"Shading Mode"},"sceneLighting":true,"audioPlay":false,"sceneViewState":{"showFog":true,"showMaterialUpdate":false,"showSkybox":true,"showFlares":true,"showImageEffects":true,"showParticleSystems":true},"in2DMode":false,"pivot":{"x":-4.474974632263184,"y":-7.97129487991333,"z":30.454572677612306},"rotation":{"x":0.05240290239453316,"y":-0.8853097558021545,"z":0.10297411680221558,"w":0.45044586062431338},"size":43.71769714355469,"orthographic":false}