{"cameraMode":{"drawMode":0,"name":"Shaded","section":"Shading Mode"},"sceneLighting":true,"audioPlay":false,"sceneViewState":{"showFog":false,"showMaterialUpdate":false,"showSkybox":false,"showFlares":false,"showImageEffects":false,"showParticleSystems":false},"in2DMode":false,"pivot":{"x":-39.981319427490237,"y":-26.810569763183595,"z":0.03802680969238281},"rotation":{"x":0.21333910524845124,"y":-0.6352953314781189,"z":0.18881811201572419,"w":0.7177983522415161},"size":67.57453918457031,"orthographic":false}