{"cameraMode":{"drawMode":0,"name":"Shaded","section":"Shading Mode"},"sceneLighting":true,"audioPlay":false,"sceneViewState":{"showFog":true,"showMaterialUpdate":false,"showSkybox":true,"showFlares":true,"showImageEffects":true,"showParticleSystems":true},"in2DMode":false,"pivot":{"x":7.2148027420043949,"y":27.685802459716798,"z":24.018085479736329},"rotation":{"x":0.014694467186927796,"y":0.2011100798845291,"z":0.0030095241963863374,"w":-0.9794659614562988},"size":379.7933044433594,"orthographic":false}