{"cameraMode":{"drawMode":0,"name":"Shaded","section":"Shading Mode"},"sceneLighting":true,"audioPlay":false,"sceneViewState":{"showFog":true,"showMaterialUpdate":false,"showSkybox":false,"showFlares":true,"showImageEffects":true,"showParticleSystems":true},"in2DMode":false,"pivot":{"x":-3.775236129760742,"y":73.04998779296875,"z":2.0399999618530275},"rotation":{"x":0.24265015125274659,"y":-0.49837929010391238,"z":0.14763794839382173,"w":0.8191109895706177},"size":3.027513027191162,"orthographic":true}