{"cameraMode":{"drawMode":0,"name":"Shaded","section":"Shading Mode"},"sceneLighting":true,"audioPlay":false,"sceneViewState":{"showFog":false,"showMaterialUpdate":false,"showSkybox":false,"showFlares":false,"showImageEffects":false,"showParticleSystems":false},"in2DMode":false,"pivot":{"x":14.365741729736329,"y":15.664144515991211,"z":57.95075225830078},"rotation":{"x":-0.6640825867652893,"y":-0.007403620984405279,"z":0.006576558109372854,"w":-0.7475937008857727},"size":63.523231506347659,"orthographic":false}