{"cameraMode":{"drawMode":0,"name":"Shaded","section":"Shading Mode"},"sceneLighting":true,"audioPlay":false,"sceneViewState":{"showFog":true,"showMaterialUpdate":false,"showSkybox":false,"showFlares":true,"showImageEffects":true,"showParticleSystems":true},"in2DMode":false,"pivot":{"x":247.2348175048828,"y":-24.180923461914064,"z":-456.5079650878906},"rotation":{"x":-0.026876814663410188,"y":0.9714488983154297,"z":-0.1352241337299347,"w":-0.1930810809135437},"size":164.8648681640625,"orthographic":false}