{"cameraMode":{"drawMode":0,"name":"Shaded","section":"Shading Mode"},"sceneLighting":true,"audioPlay":false,"sceneViewState":{"showFog":true,"showMaterialUpdate":false,"showSkybox":false,"showFlares":true,"showImageEffects":true,"showParticleSystems":true},"in2DMode":false,"pivot":{"x":70.4217529296875,"y":-0.6573202610015869,"z":-6.496201038360596},"rotation":{"x":0.1586323380470276,"y":0.007400167640298605,"z":-0.001188415801152587,"w":0.9873104691505432},"size":749.0892944335938,"orthographic":false}