{"cameraMode":{"drawMode":0,"name":"Shaded","section":"Shading Mode"},"sceneLighting":true,"audioPlay":false,"sceneViewState":{"showFog":false,"showMaterialUpdate":false,"showSkybox":false,"showFlares":false,"showImageEffects":false,"showParticleSystems":false},"in2DMode":false,"pivot":{"x":-49.20138168334961,"y":-9.600141525268555,"z":15.640667915344239},"rotation":{"x":0.4756518602371216,"y":-0.3282923400402069,"z":0.19718913733959199,"w":0.791893720626831},"size":111.06964111328125,"orthographic":false}