{"cameraMode":{"drawMode":0,"name":"Shaded","section":"Shading Mode"},"sceneLighting":true,"audioPlay":false,"sceneViewState":{"showFog":true,"showMaterialUpdate":false,"showSkybox":false,"showFlares":true,"showImageEffects":true,"showParticleSystems":true},"in2DMode":false,"pivot":{"x":-3.5173070430755617,"y":15.928653717041016,"z":-1.3889474868774415},"rotation":{"x":0.006500894203782082,"y":-0.9856460690498352,"z":0.1641238033771515,"w":0.03904513642191887},"size":25.04157829284668,"orthographic":false}