{"cameraMode":{"drawMode":0,"name":"Shaded","section":"Shading Mode"},"sceneLighting":true,"audioPlay":false,"sceneViewState":{"showFog":false,"showMaterialUpdate":false,"showSkybox":false,"showFlares":false,"showImageEffects":false,"showParticleSystems":false},"in2DMode":false,"pivot":{"x":-10.506399154663086,"y":3.131910800933838,"z":30.778682708740236},"rotation":{"x":0.41700559854507449,"y":-0.3262328803539276,"z":0.16342246532440186,"w":0.8324489593505859},"size":113.99687957763672,"orthographic":false}