{"cameraMode":{"drawMode":0,"name":"Shaded","section":"Shading Mode"},"sceneLighting":true,"audioPlay":false,"sceneViewState":{"showFog":false,"showMaterialUpdate":false,"showSkybox":false,"showFlares":false,"showImageEffects":false,"showParticleSystems":false},"in2DMode":false,"pivot":{"x":45.6235466003418,"y":17.151710510253908,"z":153.05612182617188},"rotation":{"x":-0.03963925316929817,"y":-0.8091631531715393,"z":0.05495300516486168,"w":-0.5836676359176636},"size":146.06942749023438,"orthographic":false}