{"cameraMode":{"drawMode":0,"name":"Shaded","section":"Shading Mode"},"sceneLighting":true,"audioPlay":false,"sceneViewState":{"showFog":true,"showMaterialUpdate":false,"showSkybox":false,"showFlares":true,"showImageEffects":true,"showParticleSystems":true},"in2DMode":false,"pivot":{"x":15.00469970703125,"y":192.68386840820313,"z":15.1260986328125},"rotation":{"x":-0.1654086709022522,"y":0.34176918864250185,"z":-0.06124209612607956,"w":-0.9230837225914002},"size":2603.60595703125,"orthographic":false}