{"cameraMode":{"drawMode":0,"name":"Shaded","section":"Shading Mode"},"sceneLighting":false,"audioPlay":false,"sceneViewState":{"showFog":true,"showMaterialUpdate":false,"showSkybox":false,"showFlares":true,"showImageEffects":true,"showParticleSystems":true},"in2DMode":false,"pivot":{"x":-11.951112747192383,"y":-5.635798454284668,"z":11.729620933532715},"rotation":{"x":0.05240290239453316,"y":-0.8853097558021545,"z":0.10297411680221558,"w":0.45044586062431338},"size":50.92493438720703,"orthographic":false}