{"cameraMode":{"drawMode":0,"name":"Shaded","section":"Shading Mode"},"sceneLighting":true,"audioPlay":false,"sceneViewState":{"showFog":true,"showMaterialUpdate":false,"showSkybox":true,"showFlares":true,"showImageEffects":true,"showParticleSystems":true},"in2DMode":false,"pivot":{"x":130.88885498046876,"y":-180.47540283203126,"z":383.46575927734377},"rotation":{"x":-0.2094448357820511,"y":-0.1743304282426834,"z":0.0379791297018528,"w":-0.9614076614379883},"size":512.0239868164063,"orthographic":false}