{"cameraMode":{"drawMode":0,"name":"Shaded","section":"Shading Mode"},"sceneLighting":true,"audioPlay":false,"sceneViewState":{"showFog":false,"showMaterialUpdate":false,"showSkybox":false,"showFlares":false,"showImageEffects":false,"showParticleSystems":false},"in2DMode":false,"pivot":{"x":-23.138919830322267,"y":2.9275169372558595,"z":42.86585998535156},"rotation":{"x":-0.06695316731929779,"y":0.5156331062316895,"z":-0.04046182706952095,"w":-0.8532309532165527},"size":72.19318389892578,"orthographic":false}