{"cameraMode":{"drawMode":0,"name":"Shaded","section":"Shading Mode"},"sceneLighting":true,"audioPlay":false,"sceneViewState":{"showFog":true,"showMaterialUpdate":false,"showSkybox":false,"showFlares":true,"showImageEffects":true,"showParticleSystems":true},"in2DMode":false,"pivot":{"x":-2.335061550140381,"y":73.38954162597656,"z":3.461829900741577},"rotation":{"x":0.08066435158252716,"y":-0.6811460256576538,"z":0.07591965794563294,"w":0.7237215042114258},"size":0.32127541303634646,"orthographic":false}