{"cameraMode":{"drawMode":0,"name":"Shaded","section":"Shading Mode"},"sceneLighting":false,"audioPlay":false,"sceneViewState":{"showFog":true,"showMaterialUpdate":false,"showSkybox":false,"showFlares":true,"showImageEffects":true,"showParticleSystems":true},"in2DMode":false,"pivot":{"x":15.00469970703125,"y":193.04855346679688,"z":15.1260986328125},"rotation":{"x":-0.1474742591381073,"y":-0.7414517998695374,"z":0.17321564257144929,"w":-0.6312718987464905},"size":2603.305908203125,"orthographic":false}