{"cameraMode":{"drawMode":0,"name":"Shaded","section":"Shading Mode"},"sceneLighting":true,"audioPlay":false,"sceneViewState":{"showFog":true,"showMaterialUpdate":false,"showSkybox":false,"showFlares":true,"showImageEffects":true,"showParticleSystems":true},"in2DMode":false,"pivot":{"x":59.332523345947269,"y":0.07549285888671875,"z":3.2400283813476564},"rotation":{"x":0.3164186179637909,"y":0.22473295032978059,"z":-0.07743074744939804,"w":0.9183580875396729},"size":57.262596130371097,"orthographic":false}