{"cameraMode":{"drawMode":0,"name":"Shaded","section":"Shading Mode"},"sceneLighting":true,"audioPlay":false,"sceneViewState":{"showFog":true,"showMaterialUpdate":false,"showSkybox":true,"showFlares":true,"showImageEffects":true,"showParticleSystems":true},"in2DMode":false,"pivot":{"x":10.765050888061524,"y":1.1643364429473878,"z":5.623660087585449},"rotation":{"x":0.22649900615215302,"y":-0.3744749426841736,"z":0.09486573189496994,"w":0.894140362739563},"size":125.53563690185547,"orthographic":false}