{"cameraMode":{"drawMode":0,"name":"Shaded","section":"Shading Mode"},"sceneLighting":true,"audioPlay":false,"sceneViewState":{"showFog":true,"showMaterialUpdate":false,"showSkybox":false,"showFlares":true,"showImageEffects":true,"showParticleSystems":true},"in2DMode":false,"pivot":{"x":2.5,"y":11.519998550415039,"z":0.9096183776855469},"rotation":{"x":-0.24887317419052125,"y":0.7386113405227661,"z":-0.3570730686187744,"w":-0.5148005485534668},"size":105.02786254882813,"orthographic":false}