{"cameraMode":{"drawMode":0,"name":"Shaded","section":"Shading Mode"},"sceneLighting":true,"audioPlay":false,"sceneViewState":{"showFog":true,"showMaterialUpdate":false,"showSkybox":true,"showFlares":true,"showImageEffects":true,"showParticleSystems":true},"in2DMode":false,"pivot":{"x":-112.9261703491211,"y":-55.75709533691406,"z":-52.472564697265628},"rotation":{"x":-0.24887317419052125,"y":0.7386113405227661,"z":-0.3570730686187744,"w":-0.5148005485534668},"size":98.84691619873047,"orthographic":false}