{"cameraMode":{"drawMode":0,"name":"Shaded","section":"Shading Mode"},"sceneLighting":true,"audioPlay":false,"sceneViewState":{"showFog":true,"showMaterialUpdate":false,"showSkybox":false,"showFlares":true,"showImageEffects":true,"showParticleSystems":true},"in2DMode":false,"pivot":{"x":-0.014556884765625,"y":188.963623046875,"z":0.11187744140625},"rotation":{"x":-0.24887317419052125,"y":0.7386113405227661,"z":-0.3570730686187744,"w":-0.5148005485534668},"size":2702.169677734375,"orthographic":false}