{"cameraMode":{"drawMode":0,"name":"Shaded","section":"Shading Mode"},"sceneLighting":true,"audioPlay":false,"sceneViewState":{"showFog":true,"showMaterialUpdate":false,"showSkybox":true,"showFlares":true,"showImageEffects":true,"showParticleSystems":true},"in2DMode":false,"pivot":{"x":-19.287002563476564,"y":-4.541179656982422,"z":25.52129364013672},"rotation":{"x":0.08510710299015045,"y":-0.9084040522575378,"z":0.2269379198551178,"w":0.3406730592250824},"size":7.187883377075195,"orthographic":false}