{"cameraMode":{"drawMode":0,"name":"Shaded","section":"Shading Mode"},"sceneLighting":true,"audioPlay":false,"sceneViewState":{"showFog":true,"showMaterialUpdate":false,"showSkybox":true,"showFlares":true,"showImageEffects":true,"showParticleSystems":true},"in2DMode":false,"pivot":{"x":1.0269100666046143,"y":16.95969581604004,"z":-14.976631164550782},"rotation":{"x":0.32570111751556399,"y":0.6525804400444031,"z":-0.36889198422431948,"w":0.576174259185791},"size":19.567577362060548,"orthographic":true}