{"cameraMode":{"drawMode":0,"name":"Shaded","section":"Shading Mode"},"sceneLighting":true,"audioPlay":false,"sceneViewState":{"showFog":true,"showMaterialUpdate":false,"showSkybox":true,"showFlares":true,"showImageEffects":true,"showParticleSystems":true},"in2DMode":false,"pivot":{"x":0.07048198580741883,"y":1.1674087047576905,"z":1.6704816818237305},"rotation":{"x":-0.35199272632598879,"y":-0.21265658736228944,"z":0.08245490491390228,"w":-0.9077913165092468},"size":44.89006423950195,"orthographic":false}