{"cameraMode":{"drawMode":0,"name":"Shaded","section":"Shading Mode"},"sceneLighting":true,"audioPlay":false,"sceneViewState":{"showFog":true,"showMaterialUpdate":false,"showSkybox":false,"showFlares":true,"showImageEffects":true,"showParticleSystems":true},"in2DMode":false,"pivot":{"x":15.00469970703125,"y":188.963623046875,"z":15.1260986328125},"rotation":{"x":0.006770189851522446,"y":0.9851126074790955,"z":0.16707372665405274,"w":-0.03991888836026192},"size":2606.69921875,"orthographic":false}