{"cameraMode":{"drawMode":0,"name":"Shaded","section":"Shading Mode"},"sceneLighting":false,"audioPlay":false,"sceneViewState":{"showFog":true,"showMaterialUpdate":false,"showSkybox":false,"showFlares":true,"showImageEffects":true,"showParticleSystems":true},"in2DMode":false,"pivot":{"x":295.5181884765625,"y":16.898033142089845,"z":248.09397888183595},"rotation":{"x":-0.07404273748397827,"y":-0.5645774602890015,"z":-0.0509490892291069,"w":0.8204717636108398},"size":12.587416648864746,"orthographic":false}